"Your Kindle Notes For:",,,
"SHERLOCK HOLMES: DAS GETUPFTE BAND UND ANDERE DETEKTIVGESCHICHTEN (SHERLOCK HOLMES REIHE 1) (GERMAN EDITION)",,,
"by Arthur Conan Doyle",,,
"Free Kindle instant preview:",,,
"https://a.co/bVmDpUj",,,
----------------------------------------------,,,
,,,
"Annotation Type","Location","Starred?","Annotation"
"Highlight (Yellow)","Page 5","","zog"
"Note","Page 5","","V"
"Highlight (Yellow)","Page 5","","zündete"
"Note","Page 5","","V"
"Highlight (Yellow)","Page 5","","warf."
"Note","Page 5","","V"
"Highlight (Yellow)","Page 5","","saß"
"Note","Page 5","","N"
"Highlight (Yellow)","Page 5","","las,"
"Note","Page 5","","V"
"Highlight (Yellow)","Page 5","","rieb"
"Note","Page 5","","V"
"Highlight (Yellow)","Page 5","","hinausjagen!«"
"Note","Page 5","","V"
"Highlight (Yellow)","Page 5","","wandte"
"Note","Page 5","","V"
"Highlight (Yellow)","Page 5","","legte"
"Note","Page 5","","V"
"Highlight (Yellow)","Page 5","","bot"
"Note","Page 5","","V"
"Highlight (Yellow)","Page 5","","gelten?"
"Note","Page 5","","V"
"Highlight (Yellow)","Page 6","","kam"
"Note","Page 6","","V"
"Highlight (Yellow)","Page 6","","verweigerte."
"Note","Page 6","","V"
"Highlight (Yellow)","Page 6","","überfahren"
"Note","Page 6","","V"
"Highlight (Yellow)","Page 6","","unterbrach"
"Note","Page 6","","V"
"Highlight (Yellow)","Page 6","","stand"
"Note","Page 6","","V"
"Highlight (Yellow)","Page 6","","eilte"
"Note","Page 6","","V"
"Highlight (Yellow)","Page 6","","hörte"
"Note","Page 6","","V"
"Highlight (Yellow)","Page 6","","fiel"
"Note","Page 6","","V"
"Highlight (Yellow)","Page 6","","verschwand"
"Note","Page 6","","V"
"Highlight (Yellow)","Page 6","","drang"
"Note","Page 6","","V"
"Highlight (Yellow)","Page 6","","konnte."
"Note","Page 6","","V"
"Highlight (Yellow)","Page 6","","hatte"
"Note","Page 6","","V"
"Highlight (Yellow)","Page 6","","griff"
"Note","Page 6","","V"
"Highlight (Yellow)","Page 6","","blieb"
"Note","Page 6","","V"
"Highlight (Yellow)","Page 6","","haften,"
"Note","Page 6","","V"
"Highlight (Yellow)","Page 7","","ausließ,"
"Note","Page 7","","V"
"Highlight (Yellow)","Page 7","","folgte"
"Note","Page 7","","V"
"Highlight (Yellow)","Page 7","","angeht,"
"Note","Page 7","","V"
"Highlight (Yellow)","Page 7","","wegzulegen,"
"Note","Page 7","","V"
"Highlight (Yellow)","Page 7","","überflog"
"Note","Page 7","","V"
"Highlight (Yellow)","Page 8","","bezeichnen,"
"Note","Page 8","","V"
"Highlight (Yellow)","Page 8","","entsinnen,"
"Note","Page 8","","V"
"Highlight (Yellow)","Page 8","","fiel"
"Note","Page 8","","V"
"Note","Page 8","","V"
"Highlight (Yellow)","Page 9","","kannte"
"Note","Page 9","","V"
"Highlight (Yellow)","Page 9","","begleiten"
"Note","Page 9","","V"
"Highlight (Yellow)","Page 9","","bewundern,"
"Note","Page 9","","V"
"Highlight (Yellow)","Page 10","","vorgelegten"
"Note","Page 10","","V"
"Highlight (Yellow)","Page 11","","musterte"
"Note","Page 11","","V"
"Highlight (Yellow)","Page 11","","beugte."
"Note","Page 11","","V"
"Highlight (Yellow)","Page 11","","Mit dem Ausdruck höchsten Erstaunens starrte die Fremde meinen Freund an."
"Highlight (Yellow)","Page 14","","Während seines Aufenthalts in Indien heiratete Dr. Roylott meine Mutter,"
"Highlight (Yellow)","Page 14","","gab"
"Highlight (Yellow)","Page 14","","Versuche"
"Highlight (Yellow)","Page 14","","auf,"
"Highlight (Yellow)","Page 14","","Hinterlassenschaft"
"Highlight (Yellow)","Page 14","","Bedürfnisse"
"Highlight (Yellow)","Page 14","","reichlich"
"Highlight (Yellow)","Page 14","","deckte,"
"Highlight (Yellow)","Page 14","","zufriedenes"
"Highlight (Yellow)","Page 14","","führen"
"Highlight (Yellow)","Page 14","","ging"
"Highlight (Yellow)","Page 14","","schreckliche"
"Highlight (Yellow)","Page 14","","Veränderung"
"Highlight (Yellow)","Page 14","","vor."
"Highlight (Yellow)","Page 14","","Anstatt"
"Highlight (Yellow)","Page 14","","anzuknüpfen,"
"Highlight (Yellow)","Page 15","","einziehen"
"Highlight (Yellow)","Page 15","","schloss"
"Highlight (Yellow)","Page 15","","ein,"
"Highlight (Yellow)","Page 15","","jemals"
"Highlight (Yellow)","Page 15","","verließ,"
"Highlight (Yellow)","Page 15","","bekam"
"Highlight (Yellow)","Page 15","","lief,"
"Highlight (Yellow)","Page 15","","heftigsten"
"Highlight (Yellow)","Page 15","","Streit."
"Highlight (Yellow)","Page 15","","förmlich"
"Highlight (Yellow)","Page 15","","krankhafter"
"Highlight (Yellow)","Page 15","","überhaupt"
"Highlight (Yellow)","Page 15","","Erbstück"
"Highlight (Yellow)","Page 15","","Aufenthalt"
"Highlight (Yellow)","Page 15","","Tropen"
"Highlight (Yellow)","Page 15","","Eigenschaft"
"Highlight (Yellow)","Page 15","","wohl"
"Highlight (Yellow)","Page 15","","verstärkt"
"Highlight (Yellow)","Page 15","","Reihe"
"Highlight (Yellow)","Page 15","","Streitigkeiten"
"Highlight (Yellow)","Page 15","","verwickelt"
"Highlight (Yellow)","Page 15","","Gericht"
"Highlight (Yellow)","Page 15","","zuletzt"
"Highlight (Yellow)","Page 15","","Schrecken"
"Highlight (Yellow)","Page 15","","bloßen"
"Highlight (Yellow)","Page 15","","Anblick"
"Highlight (Yellow)","Page 15","","die Flucht ergriff,"
"Highlight (Yellow)","Page 15","","besitzt"
"Highlight (Yellow)","Page 15","","Wut"
"Highlight (Yellow)","Page 15","","warf"
"Highlight (Yellow)","Page 15","","Dorfschmied"
"Highlight (Yellow)","Page 15","","Brückengeländer"
"Highlight (Yellow)","Page 15","","opfern,"
"Highlight (Yellow)","Page 15","","Angelegenheit"
"Highlight (Yellow)","Page 15","","hielt"
"Highlight (Yellow)","Page 15","","außer"
"Highlight (Yellow)","Page 15","","herumziehenden"
"Highlight (Yellow)","Page 15","","Zigeunern;"
"Highlight (Yellow)","Page 15","","Brachland,"
"Highlight (Yellow)","Page 15","","Besitztum"
"Highlight (Yellow)","Page 15","","Lager aufschlagen."
"Highlight (Yellow)","Page 15","","kehrte"
"Highlight (Yellow)","Page 15","","Zelten"
"Highlight (Yellow)","Page 15","","ein,"
"Highlight (Yellow)","Page 15","","begleitete"
"Highlight (Yellow)","Page 15","","sogar"
"Highlight (Yellow)","Page 15","","wochenlang"
"Highlight (Yellow)","Page 15","","Wanderzügen."
"Highlight (Yellow)","Page 15","","leidenschaftliche"
"Highlight (Yellow)","Page 15","","Vorliebe"
"Highlight (Yellow)","Page 15","","gegenwärtig"
"Highlight (Yellow)","Page 15","","Pavian,"
"Highlight (Yellow)","Page 15","","Anwesen"
"Highlight (Yellow)","Page 15","","umherlaufen"
"Highlight (Yellow)","Page 15","","Dorfbewohnern"
"Highlight (Yellow)","Page 15","","Schrecken"
"Highlight (Yellow)","Page 15","","einjagen"
"Highlight (Yellow)","Page 15","","Schilderung"
"Highlight (Yellow)","Page 16","","Obwohl"
"Highlight (Yellow)","Page 16","","starb,"
"Highlight (Yellow)","Page 16","","also"
"Highlight (Yellow)","Page 16","","eben"
"Highlight (Yellow)","Page 16","","mitteilen."
"Highlight (Yellow)","Page 16","","Umständen"
"Highlight (Yellow)","Page 16","","Gelegenheit"
"Highlight (Yellow)","Page 16","","Verkehr"
"Highlight (Yellow)","Page 16","","Unseresgleichen"
"Highlight (Yellow)","Page 16","","von Zeit zu Zeit"
"Highlight (Yellow)","Page 16","","unverheiratete"
"Highlight (Yellow)","Page 16","","solchen"
"Highlight (Yellow)","Page 16","","gesetzten"
"Highlight (Yellow)","Page 16","","verlobte."
"Highlight (Yellow)","Page 16","","erhob gegen"
"Highlight (Yellow)","Page 16","","Einwendung;"
"Highlight (Yellow)","Page 16","","trat"
"Highlight (Yellow)","Page 16","","Ereignis"
"Highlight (Yellow)","Page 16","","ein,"
"Highlight (Yellow)","Page 16","","einzigen"
"Highlight (Yellow)","Page 16","","Gefährtin"
"Highlight (Yellow)","Page 16","","beraubte.«"
"Highlight (Yellow)","Page 16","","Kissen"
"Highlight (Yellow)","Page 16","","vergraben,"
"Highlight (Yellow)","Page 16","","schlug"
"Highlight (Yellow)","Page 16","","Lider"
"Highlight (Yellow)","Page 16","","auf"
"Highlight (Yellow)","Page 16","","Erzählerin."
"Highlight (Yellow)","Page 16","","schwer fallen,"
"Highlight (Yellow)","Page 16","","Vorgänge"
"Highlight (Yellow)","Page 16","","entsetzlichen"
"Highlight (Yellow)","Page 16","","unauslöschlich"
"Highlight (Yellow)","Page 17","","Gedächtnis."
"Highlight (Yellow)","Page 17","","Flügel"
"Highlight (Yellow)","Page 17","","Die Schlafzimmer"
"Highlight (Yellow)","Page 17","","mittleren"
"Highlight (Yellow)","Page 17","","Stockwerk"
"Highlight (Yellow)","Page 17","","besteht"
"Highlight (Yellow)","Page 17","","dagegen"
"Highlight (Yellow)","Page 17","","Gang."
"Highlight (Yellow)","Page 17","","»Vollkommen.«"
"Highlight (Yellow)","Page 17","","Rasenplatz"
"Highlight (Yellow)","Page 17","","jenem"
"Highlight (Yellow)","Page 17","","zog"
"Highlight (Yellow)","Page 17","","zeitig"
"Highlight (Yellow)","Page 17","","trotzdem"
"Highlight (Yellow)","Page 17","","begeben"
"Highlight (Yellow)","Page 17","","Geruch"
"Highlight (Yellow)","Page 17","","belästigt,"
"Highlight (Yellow)","Page 17","","pflegte."
"Highlight (Yellow)","Page 17","","bevorstehende"
"Highlight (Yellow)","Page 17","","plaudern."
"Highlight (Yellow)","Page 17","","Pfeifen"
"Highlight (Yellow)","Page 17","","vernommen,"
"Highlight (Yellow)","Page 17","","totenstill"
"Highlight (Yellow)","Page 17","","seist"
"Highlight (Yellow)","Page 18","","›Gewiss"
"Highlight (Yellow)","Page 18","","ertönte"
"Highlight (Yellow)","Page 18","","Pfiff."
"Highlight (Yellow)","Page 18","","Vorplatz"
"Highlight (Yellow)","Page 18","","Zigeunergesindel"
"Highlight (Yellow)","Page 18","","herkommen.‹"
"Highlight (Yellow)","Page 18","","›Höchst"
"Highlight (Yellow)","Page 18","","wundert"
"Highlight (Yellow)","Page 18","","fester"
"Highlight (Yellow)","Page 18","","jedenfalls"
"Highlight (Yellow)","Page 18","","versetzte"
"Highlight (Yellow)","Page 18","","Augenblicke"
"Highlight (Yellow)","Page 18","","abschloss.«"
"Highlight (Yellow)","Page 18","","»Stets.«"
"Highlight (Yellow)","Page 18","","taten"
"Highlight (Yellow)","Page 18","","bereits"
"Highlight (Yellow)","Page 18","","erwähnt,"
"Highlight (Yellow)","Page 19","","freilich."
"Highlight (Yellow)","Page 19","","jener"
"Highlight (Yellow)","Page 19","","unbestimmtes"
"Highlight (Yellow)","Page 19","","drohenden"
"Highlight (Yellow)","Page 19","","Unheils"
"Highlight (Yellow)","Page 19","","bedrückte"
"Highlight (Yellow)","Page 19","","unheimliche"
"Highlight (Yellow)","Page 19","","Läden."
"Highlight (Yellow)","Page 19","","ertönte"
"Highlight (Yellow)","Page 19","","mitten durch"
"Highlight (Yellow)","Page 19","","Tosen des Sturmes"
"Highlight (Yellow)","Page 19","","Angstschrei."
"Highlight (Yellow)","Page 19","","erkannte"
"Highlight (Yellow)","Page 19","","Rasch"
"Highlight (Yellow)","Page 19","","stürzte"
"Highlight (Yellow)","Page 19","","hinaus."
"Highlight (Yellow)","Page 19","","klingendes"
"Highlight (Yellow)","Page 19","","Geräusch"
"Highlight (Yellow)","Page 19","","Gegenstandes."
"Highlight (Yellow)","Page 19","","aufgeklinkt"
"Highlight (Yellow)","Page 19","","Starr vor Angst"
"Highlight (Yellow)","Page 19","","Schein"
"Highlight (Yellow)","Page 19","","Flurlampe"
"Highlight (Yellow)","Page 19","","erscheinen;"
"Highlight (Yellow)","Page 19","","schreckensbleich,"
"Highlight (Yellow)","Page 19","","hilfesuchend"
"Highlight (Yellow)","Page 19","","ausgestreckt,"
"Highlight (Yellow)","Page 19","","schwankte"
"Highlight (Yellow)","Page 19","","berauscht."
"Highlight (Yellow)","Page 19","","schlang"
"Highlight (Yellow)","Page 19","","versagten"
"Highlight (Yellow)","Page 19","","stürzte zu Boden,"
"Highlight (Yellow)","Page 19","","wand"
"Highlight (Yellow)","Page 19","","krümmte"
"Highlight (Yellow)","Page 19","","furchtbaren"
"Highlight (Yellow)","Page 19","","Glieder"
"Highlight (Yellow)","Page 19","","zogen"
"Highlight (Yellow)","Page 19","","krampfhaft"
"Highlight (Yellow)","Page 19","","zuckend"
"Highlight (Yellow)","Page 19","","zusammen."
"Highlight (Yellow)","Page 19","","meinte"
"Highlight (Yellow)","Page 19","","beugte,"
"Highlight (Yellow)","Page 19","","stieß"
"Highlight (Yellow)","Page 20","","abgebrochenen,"
"Highlight (Yellow)","Page 20","","undeutlichen"
"Highlight (Yellow)","Page 20","","Worte"
"Highlight (Yellow)","Page 20","","hervor:"
"Highlight (Yellow)","Page 20","","deutete,"
"Highlight (Yellow)","Page 20","","grässlicher"
"Highlight (Yellow)","Page 20","","Krampfanfall"
"Highlight (Yellow)","Page 20","","erstickte."
"Highlight (Yellow)","Page 20","","herbeiholen"
"Highlight (Yellow)","Page 20","","bereits"
"Highlight (Yellow)","Page 20","","Schlafrock"
"Highlight (Yellow)","Page 20","","entgegengeeilt."
"Highlight (Yellow)","Page 20","","trat,"
"Highlight (Yellow)","Page 20","","Bewusstsein"
"Highlight (Yellow)","Page 20","","flößte"
"Highlight (Yellow)","Page 20","","ein"
"Highlight (Yellow)","Page 20","","nützte"
"Highlight (Yellow)","Page 20","","schwächer"
"Highlight (Yellow)","Page 20","","Umstände,"
"Highlight (Yellow)","Page 20","","Klang"
"Highlight (Yellow)","Page 20","","wahrgenommen?"
"Highlight (Yellow)","Page 20","","schwören?«"
"Highlight (Yellow)","Page 20","","»Dasselbe"
"Highlight (Yellow)","Page 20","","Gerichtsarzt"
"Highlight (Yellow)","Page 20","","Totenschau."
"Highlight (Yellow)","Page 20","","zwar"
"Highlight (Yellow)","Page 20","","durchaus"
"Highlight (Yellow)","Page 21","","untersuchte"
"Note","Page 21","","Camila maravilhosa"
