"As notas do Kindle para:",,,
"SHERLOCK HOLMES: DAS GETUPFTE BAND UND ANDERE DETEKTIVGESCHICHTEN (SHERLOCK HOLMES REIHE 1) (GERMAN EDITION)",,,
"de Arthur Conan Doyle",,,
"Visualização instantânea gratuita do Kindle:",,,
"https://a.co/bVmDpUj",,,
----------------------------------------------,,,
,,,
"Tipo de anotação","Posição","Com estrelas?","Anotação"
"Destaque (Amarelo)","Página 5","","zog"
"Nota","Página 5","","V"
"Destaque (Amarelo)","Página 5","","zündete"
"Nota","Página 5","","V"
"Destaque (Amarelo)","Página 5","","warf."
"Nota","Página 5","","V"
"Destaque (Amarelo)","Página 5","","saß"
"Nota","Página 5","","N"
"Destaque (Amarelo)","Página 5","","las,"
"Nota","Página 5","","V"
"Destaque (Amarelo)","Página 5","","rieb"
"Nota","Página 5","","V"
"Destaque (Amarelo)","Página 5","","hinausjagen!«"
"Nota","Página 5","","V"
"Destaque (Amarelo)","Página 5","","wandte"
"Nota","Página 5","","V"
"Destaque (Amarelo)","Página 5","","legte"
"Nota","Página 5","","V"
"Destaque (Amarelo)","Página 5","","bot"
"Nota","Página 5","","V"
"Destaque (Amarelo)","Página 5","","gelten?"
"Nota","Página 5","","V"
"Destaque (Amarelo)","Página 6","","kam"
"Nota","Página 6","","V"
"Destaque (Amarelo)","Página 6","","verweigerte."
"Nota","Página 6","","V"
"Destaque (Amarelo)","Página 6","","überfahren"
"Nota","Página 6","","V"
"Destaque (Amarelo)","Página 6","","unterbrach"
"Nota","Página 6","","V"
"Destaque (Amarelo)","Página 6","","stand"
"Nota","Página 6","","V"
"Destaque (Amarelo)","Página 6","","eilte"
"Nota","Página 6","","V"
"Destaque (Amarelo)","Página 6","","hörte"
"Nota","Página 6","","V"
"Destaque (Amarelo)","Página 6","","fiel"
"Nota","Página 6","","V"
"Destaque (Amarelo)","Página 6","","verschwand"
"Nota","Página 6","","V"
"Destaque (Amarelo)","Página 6","","drang"
"Nota","Página 6","","V"
"Destaque (Amarelo)","Página 6","","konnte."
"Nota","Página 6","","V"
"Destaque (Amarelo)","Página 6","","hatte"
"Nota","Página 6","","V"
"Destaque (Amarelo)","Página 6","","griff"
"Nota","Página 6","","V"
"Destaque (Amarelo)","Página 6","","blieb"
"Nota","Página 6","","V"
"Destaque (Amarelo)","Página 6","","haften,"
"Nota","Página 6","","V"
"Destaque (Amarelo)","Página 7","","ausließ,"
"Nota","Página 7","","V"
"Destaque (Amarelo)","Página 7","","folgte"
"Nota","Página 7","","V"
"Destaque (Amarelo)","Página 7","","angeht,"
"Nota","Página 7","","V"
"Destaque (Amarelo)","Página 7","","wegzulegen,"
"Nota","Página 7","","V"
"Destaque (Amarelo)","Página 7","","überflog"
"Nota","Página 7","","V"
"Destaque (Amarelo)","Página 8","","bezeichnen,"
"Nota","Página 8","","V"
"Destaque (Amarelo)","Página 8","","entsinnen,"
"Nota","Página 8","","V"
"Destaque (Amarelo)","Página 8","","fiel"
"Nota","Página 8","","V"
"Nota","Página 8","","V"
"Destaque (Amarelo)","Página 9","","kannte"
"Nota","Página 9","","V"
"Destaque (Amarelo)","Página 9","","begleiten"
"Nota","Página 9","","V"
"Destaque (Amarelo)","Página 9","","bewundern,"
"Nota","Página 9","","V"
"Destaque (Amarelo)","Página 10","","vorgelegten"
"Nota","Página 10","","V"
"Destaque (Amarelo)","Página 11","","musterte"
"Nota","Página 11","","V"
"Destaque (Amarelo)","Página 11","","beugte."
"Nota","Página 11","","V"
"Destaque (Amarelo)","Página 11","","Mit dem Ausdruck höchsten Erstaunens starrte die Fremde meinen Freund an."
"Destaque (Amarelo)","Página 14","","Während seines Aufenthalts in Indien heiratete Dr. Roylott meine Mutter,"
"Destaque (Amarelo)","Página 14","","gab"
"Destaque (Amarelo)","Página 14","","Versuche"
"Destaque (Amarelo)","Página 14","","auf,"
"Destaque (Amarelo)","Página 14","","Hinterlassenschaft"
"Destaque (Amarelo)","Página 14","","Bedürfnisse"
"Destaque (Amarelo)","Página 14","","reichlich"
"Destaque (Amarelo)","Página 14","","deckte,"
"Destaque (Amarelo)","Página 14","","zufriedenes"
"Destaque (Amarelo)","Página 14","","führen"
"Destaque (Amarelo)","Página 14","","ging"
"Destaque (Amarelo)","Página 14","","schreckliche"
"Destaque (Amarelo)","Página 14","","Veränderung"
"Destaque (Amarelo)","Página 14","","vor."
"Destaque (Amarelo)","Página 14","","Anstatt"
"Destaque (Amarelo)","Página 14","","anzuknüpfen,"
"Destaque (Amarelo)","Página 15","","einziehen"
"Destaque (Amarelo)","Página 15","","schloss"
"Destaque (Amarelo)","Página 15","","ein,"
"Destaque (Amarelo)","Página 15","","jemals"
"Destaque (Amarelo)","Página 15","","verließ,"
"Destaque (Amarelo)","Página 15","","bekam"
"Destaque (Amarelo)","Página 15","","lief,"
"Destaque (Amarelo)","Página 15","","heftigsten"
"Destaque (Amarelo)","Página 15","","Streit."
"Destaque (Amarelo)","Página 15","","förmlich"
"Destaque (Amarelo)","Página 15","","krankhafter"
"Destaque (Amarelo)","Página 15","","überhaupt"
"Destaque (Amarelo)","Página 15","","Erbstück"
"Destaque (Amarelo)","Página 15","","Aufenthalt"
"Destaque (Amarelo)","Página 15","","Tropen"
"Destaque (Amarelo)","Página 15","","Eigenschaft"
"Destaque (Amarelo)","Página 15","","wohl"
"Destaque (Amarelo)","Página 15","","verstärkt"
"Destaque (Amarelo)","Página 15","","Reihe"
"Destaque (Amarelo)","Página 15","","Streitigkeiten"
"Destaque (Amarelo)","Página 15","","verwickelt"
"Destaque (Amarelo)","Página 15","","Gericht"
"Destaque (Amarelo)","Página 15","","zuletzt"
"Destaque (Amarelo)","Página 15","","Schrecken"
"Destaque (Amarelo)","Página 15","","bloßen"
"Destaque (Amarelo)","Página 15","","Anblick"
"Destaque (Amarelo)","Página 15","","die Flucht ergriff,"
"Destaque (Amarelo)","Página 15","","besitzt"
"Destaque (Amarelo)","Página 15","","Wut"
"Destaque (Amarelo)","Página 15","","warf"
"Destaque (Amarelo)","Página 15","","Dorfschmied"
"Destaque (Amarelo)","Página 15","","Brückengeländer"
"Destaque (Amarelo)","Página 15","","opfern,"
"Destaque (Amarelo)","Página 15","","Angelegenheit"
"Destaque (Amarelo)","Página 15","","hielt"
"Destaque (Amarelo)","Página 15","","außer"
"Destaque (Amarelo)","Página 15","","herumziehenden"
"Destaque (Amarelo)","Página 15","","Zigeunern;"
"Destaque (Amarelo)","Página 15","","Brachland,"
"Destaque (Amarelo)","Página 15","","Besitztum"
"Destaque (Amarelo)","Página 15","","Lager aufschlagen."
"Destaque (Amarelo)","Página 15","","kehrte"
"Destaque (Amarelo)","Página 15","","Zelten"
"Destaque (Amarelo)","Página 15","","ein,"
"Destaque (Amarelo)","Página 15","","begleitete"
"Destaque (Amarelo)","Página 15","","sogar"
"Destaque (Amarelo)","Página 15","","wochenlang"
"Destaque (Amarelo)","Página 15","","Wanderzügen."
"Destaque (Amarelo)","Página 15","","leidenschaftliche"
"Destaque (Amarelo)","Página 15","","Vorliebe"
"Destaque (Amarelo)","Página 15","","gegenwärtig"
"Destaque (Amarelo)","Página 15","","Pavian,"
"Destaque (Amarelo)","Página 15","","Anwesen"
"Destaque (Amarelo)","Página 15","","umherlaufen"
"Destaque (Amarelo)","Página 15","","Dorfbewohnern"
"Destaque (Amarelo)","Página 15","","Schrecken"
"Destaque (Amarelo)","Página 15","","einjagen"
"Destaque (Amarelo)","Página 15","","Schilderung"
"Destaque (Amarelo)","Página 16","","Obwohl"
"Destaque (Amarelo)","Página 16","","starb,"
"Destaque (Amarelo)","Página 16","","also"
"Destaque (Amarelo)","Página 16","","eben"
"Destaque (Amarelo)","Página 16","","mitteilen."
"Destaque (Amarelo)","Página 16","","Umständen"
"Destaque (Amarelo)","Página 16","","Gelegenheit"
"Destaque (Amarelo)","Página 16","","Verkehr"
"Destaque (Amarelo)","Página 16","","Unseresgleichen"
"Destaque (Amarelo)","Página 16","","von Zeit zu Zeit"
"Destaque (Amarelo)","Página 16","","unverheiratete"
"Destaque (Amarelo)","Página 16","","solchen"
"Destaque (Amarelo)","Página 16","","gesetzten"
"Destaque (Amarelo)","Página 16","","verlobte."
"Destaque (Amarelo)","Página 16","","erhob gegen"
"Destaque (Amarelo)","Página 16","","Einwendung;"
"Destaque (Amarelo)","Página 16","","trat"
"Destaque (Amarelo)","Página 16","","Ereignis"
"Destaque (Amarelo)","Página 16","","ein,"
"Destaque (Amarelo)","Página 16","","einzigen"
"Destaque (Amarelo)","Página 16","","Gefährtin"
"Destaque (Amarelo)","Página 16","","beraubte.«"
"Destaque (Amarelo)","Página 16","","Kissen"
"Destaque (Amarelo)","Página 16","","vergraben,"
"Destaque (Amarelo)","Página 16","","schlug"
"Destaque (Amarelo)","Página 16","","Lider"
"Destaque (Amarelo)","Página 16","","auf"
"Destaque (Amarelo)","Página 16","","Erzählerin."
"Destaque (Amarelo)","Página 16","","schwer fallen,"
"Destaque (Amarelo)","Página 16","","Vorgänge"
"Destaque (Amarelo)","Página 16","","entsetzlichen"
"Destaque (Amarelo)","Página 16","","unauslöschlich"
"Destaque (Amarelo)","Página 17","","Gedächtnis."
"Destaque (Amarelo)","Página 17","","Flügel"
"Destaque (Amarelo)","Página 17","","Die Schlafzimmer"
"Destaque (Amarelo)","Página 17","","mittleren"
"Destaque (Amarelo)","Página 17","","Stockwerk"
"Destaque (Amarelo)","Página 17","","besteht"
"Destaque (Amarelo)","Página 17","","dagegen"
"Destaque (Amarelo)","Página 17","","Gang."
"Destaque (Amarelo)","Página 17","","»Vollkommen.«"
"Destaque (Amarelo)","Página 17","","Rasenplatz"
"Destaque (Amarelo)","Página 17","","jenem"
"Destaque (Amarelo)","Página 17","","zog"
"Destaque (Amarelo)","Página 17","","zeitig"
"Destaque (Amarelo)","Página 17","","trotzdem"
"Destaque (Amarelo)","Página 17","","begeben"
"Destaque (Amarelo)","Página 17","","Geruch"
"Destaque (Amarelo)","Página 17","","belästigt,"
"Destaque (Amarelo)","Página 17","","pflegte."
"Destaque (Amarelo)","Página 17","","bevorstehende"
"Destaque (Amarelo)","Página 17","","plaudern."
"Destaque (Amarelo)","Página 17","","Pfeifen"
"Destaque (Amarelo)","Página 17","","vernommen,"
"Destaque (Amarelo)","Página 17","","totenstill"
"Destaque (Amarelo)","Página 17","","seist"
"Destaque (Amarelo)","Página 18","","›Gewiss"
"Destaque (Amarelo)","Página 18","","ertönte"
"Destaque (Amarelo)","Página 18","","Pfiff."
"Destaque (Amarelo)","Página 18","","Vorplatz"
"Destaque (Amarelo)","Página 18","","Zigeunergesindel"
"Destaque (Amarelo)","Página 18","","herkommen.‹"
"Destaque (Amarelo)","Página 18","","›Höchst"
"Destaque (Amarelo)","Página 18","","wundert"
"Destaque (Amarelo)","Página 18","","fester"
"Destaque (Amarelo)","Página 18","","jedenfalls"
"Destaque (Amarelo)","Página 18","","versetzte"
"Destaque (Amarelo)","Página 18","","Augenblicke"
"Destaque (Amarelo)","Página 18","","abschloss.«"
"Destaque (Amarelo)","Página 18","","»Stets.«"
"Destaque (Amarelo)","Página 18","","taten"
"Destaque (Amarelo)","Página 18","","bereits"
"Destaque (Amarelo)","Página 18","","erwähnt,"
"Destaque (Amarelo)","Página 19","","freilich."
"Destaque (Amarelo)","Página 19","","jener"
"Destaque (Amarelo)","Página 19","","unbestimmtes"
"Destaque (Amarelo)","Página 19","","drohenden"
"Destaque (Amarelo)","Página 19","","Unheils"
"Destaque (Amarelo)","Página 19","","bedrückte"
"Destaque (Amarelo)","Página 19","","unheimliche"
"Destaque (Amarelo)","Página 19","","Läden."
"Destaque (Amarelo)","Página 19","","ertönte"
"Destaque (Amarelo)","Página 19","","mitten durch"
"Destaque (Amarelo)","Página 19","","Tosen des Sturmes"
"Destaque (Amarelo)","Página 19","","Angstschrei."
"Destaque (Amarelo)","Página 19","","erkannte"
"Destaque (Amarelo)","Página 19","","Rasch"
"Destaque (Amarelo)","Página 19","","stürzte"
"Destaque (Amarelo)","Página 19","","hinaus."
"Destaque (Amarelo)","Página 19","","klingendes"
"Destaque (Amarelo)","Página 19","","Geräusch"
"Destaque (Amarelo)","Página 19","","Gegenstandes."
"Destaque (Amarelo)","Página 19","","aufgeklinkt"
"Destaque (Amarelo)","Página 19","","Starr vor Angst"
"Destaque (Amarelo)","Página 19","","Schein"
"Destaque (Amarelo)","Página 19","","Flurlampe"
"Destaque (Amarelo)","Página 19","","erscheinen;"
"Destaque (Amarelo)","Página 19","","schreckensbleich,"
"Destaque (Amarelo)","Página 19","","hilfesuchend"
"Destaque (Amarelo)","Página 19","","ausgestreckt,"
"Destaque (Amarelo)","Página 19","","schwankte"
"Destaque (Amarelo)","Página 19","","berauscht."
"Destaque (Amarelo)","Página 19","","schlang"
"Destaque (Amarelo)","Página 19","","versagten"
"Destaque (Amarelo)","Página 19","","stürzte zu Boden,"
"Destaque (Amarelo)","Página 19","","wand"
"Destaque (Amarelo)","Página 19","","krümmte"
"Destaque (Amarelo)","Página 19","","furchtbaren"
"Destaque (Amarelo)","Página 19","","Glieder"
"Destaque (Amarelo)","Página 19","","zogen"
"Destaque (Amarelo)","Página 19","","krampfhaft"
"Destaque (Amarelo)","Página 19","","zuckend"
"Destaque (Amarelo)","Página 19","","zusammen."
"Destaque (Amarelo)","Página 19","","meinte"
"Destaque (Amarelo)","Página 19","","beugte,"
"Destaque (Amarelo)","Página 19","","stieß"
"Destaque (Amarelo)","Página 20","","abgebrochenen,"
"Destaque (Amarelo)","Página 20","","undeutlichen"
"Destaque (Amarelo)","Página 20","","Worte"
"Destaque (Amarelo)","Página 20","","hervor:"
"Destaque (Amarelo)","Página 20","","deutete,"
"Destaque (Amarelo)","Página 20","","grässlicher"
"Destaque (Amarelo)","Página 20","","Krampfanfall"
"Destaque (Amarelo)","Página 20","","erstickte."
"Destaque (Amarelo)","Página 20","","herbeiholen"
"Destaque (Amarelo)","Página 20","","bereits"
"Destaque (Amarelo)","Página 20","","Schlafrock"
"Destaque (Amarelo)","Página 20","","entgegengeeilt."
"Destaque (Amarelo)","Página 20","","trat,"
"Destaque (Amarelo)","Página 20","","Bewusstsein"
"Destaque (Amarelo)","Página 20","","flößte"
"Destaque (Amarelo)","Página 20","","ein"
"Destaque (Amarelo)","Página 20","","nützte"
"Destaque (Amarelo)","Página 20","","schwächer"
"Destaque (Amarelo)","Página 20","","Umstände,"
"Destaque (Amarelo)","Página 20","","Klang"
"Destaque (Amarelo)","Página 20","","wahrgenommen?"
"Destaque (Amarelo)","Página 20","","schwören?«"
"Destaque (Amarelo)","Página 20","","»Dasselbe"
"Destaque (Amarelo)","Página 20","","Gerichtsarzt"
"Destaque (Amarelo)","Página 20","","Totenschau."
"Destaque (Amarelo)","Página 20","","zwar"
"Destaque (Amarelo)","Página 20","","durchaus"
"Destaque (Amarelo)","Página 20","","Eindruck,"
"Destaque (Amarelo)","Página 20","","getäuscht"
"Destaque (Amarelo)","Página 20","","Fugen.«"
"Destaque (Amarelo)","Página 20","","angekleidet?«"
"Destaque (Amarelo)","Página 20","","Nachtgewand."
"Destaque (Amarelo)","Página 20","","herabgebranntes"
"Destaque (Amarelo)","Página 20","","Lichtstümpfchen"
"Destaque (Amarelo)","Página 20","","Streichholzschachtel."
"Destaque (Amarelo)","Página 21","","Lichtschalter"
"Destaque (Amarelo)","Página 21","","Steckdose"
"Destaque (Amarelo)","Página 21","","vorhanden,"
"Destaque (Amarelo)","Página 21","","anzuschließen."
"Destaque (Amarelo)","Página 21","","bereit.«"
"Destaque (Amarelo)","Página 21","","also"
"Destaque (Amarelo)","Página 21","","umgeschaut,"
"Destaque (Amarelo)","Página 21","","entstand."
"Destaque (Amarelo)","Página 21","","Ergebnis"
"Destaque (Amarelo)","Página 21","","gelangte"
"Destaque (Amarelo)","Página 21","","Leichenbeschauer?«"
"Destaque (Amarelo)","Página 21","","sorgfältig,"
"Destaque (Amarelo)","Página 21","","auffallende"
"Destaque (Amarelo)","Página 21","","Treiben"
"Destaque (Amarelo)","Página 21","","Grafschaft"
"Destaque (Amarelo)","Página 21","","imstande,"
"Destaque (Amarelo)","Página 21","","Todesursache"
"Destaque (Amarelo)","Página 21","","Mitteilungen"
"Destaque (Amarelo)","Página 21","","altmodische Läden"
"Destaque (Amarelo)","Página 21","","Eisenstäben"
"Destaque (Amarelo)","Página 21","","verrammelt,"
"Destaque (Amarelo)","Página 21","","vorgelegt"
"Destaque (Amarelo)","Página 21","","nirgends"
"Destaque (Amarelo)","Página 21","","Anhaltspunkt"
"Destaque (Amarelo)","Página 21","","Kamin"
"Destaque (Amarelo)","Página 21","","vergittert."
"Destaque (Amarelo)","Página 21","","zweifellos"
"Destaque (Amarelo)","Página 21","","Geschick"
"Destaque (Amarelo)","Página 21","","ereilte."
"Destaque (Amarelo)","Página 21","","Einwirkung"
"Destaque (Amarelo)","Página 21","","äußerer"
"Destaque (Amarelo)","Página 21","","Gewalt"
"Destaque (Amarelo)","Página 21","","Gift"
"Destaque (Amarelo)","Página 21","","Leiche"
"Destaque (Amarelo)","Página 21","","Ansicht"
"Destaque (Amarelo)","Página 21","","Ursache"
"Destaque (Amarelo)","Página 21","","bedauerlichen"
"Destaque (Amarelo)","Página 22","","infolge"
"Destaque (Amarelo)","Página 22","","hervorgerufenen"
"Destaque (Amarelo)","Página 22","","Nervenerschütterung"
"Destaque (Amarelo)","Página 22","","»Hielten"
"Destaque (Amarelo)","Página 22","","auf?«"
"Destaque (Amarelo)","Página 22","","»Jawohl;"
"Destaque (Amarelo)","Página 22","","Andeutung"
"Destaque (Amarelo)","Página 22","","Ausgeburt des Fieberwahns"
"Destaque (Amarelo)","Página 22","","Bande"
"Destaque (Amarelo)","Página 22","","bezogen"
"Destaque (Amarelo)","Página 22","","getupften"
"Destaque (Amarelo)","Página 22","","Tücher,"
"Destaque (Amarelo)","Página 22","","Bezeichnung"
"Destaque (Amarelo)","Página 22","","Anlass"
"Destaque (Amarelo)","Página 22","","befriedigt."
"Destaque (Amarelo)","Página 22","","vergangen,"
"Destaque (Amarelo)","Página 22","","einsamer"
"Destaque (Amarelo)","Página 22","","je."
"Destaque (Amarelo)","Página 22","","jedoch"
"Destaque (Amarelo)","Página 22","","angehalten."
"Destaque (Amarelo)","Página 23","","Ausbesserungen"
"Destaque (Amarelo)","Página 23","","vorgenommen."
"Destaque (Amarelo)","Página 23","","beziehen"
"Destaque (Amarelo)","Página 23","","vernahm,"
"Destaque (Amarelo)","Página 23","","verkündet"
"Destaque (Amarelo)","Página 23","","vermochte"
"Destaque (Amarelo)","Página 23","","Beunruhigendes"
"Destaque (Amarelo)","Página 23","","aufgeregt,"
"Destaque (Amarelo)","Página 23","","schlich"
"Destaque (Amarelo)","Página 23","","dämmerte,"
"Destaque (Amarelo)","Página 23","","ließ"
"Destaque (Amarelo)","Página 23","","Vernünftigste,"
"Destaque (Amarelo)","Página 23","","»Gewiss,"
"Destaque (Amarelo)","Página 23","","überzeugt"
"Destaque (Amarelo)","Página 23","","schonen"
"Destaque (Amarelo)","Página 23","","damit"
"Destaque (Amarelo)","Página 23","","Manschette"
"Destaque (Amarelo)","Página 23","","Handgelenk"
"Destaque (Amarelo)","Página 23","","Male,"
"Destaque (Amarelo)","Página 23","","sichtlich"
"Destaque (Amarelo)","Página 23","","herrührend,"
"Destaque (Amarelo)","Página 23","","zeichneten"
"Destaque (Amarelo)","Página 24","","ab."
"Destaque (Amarelo)","Página 24","","misshandelt"
"Destaque (Amarelo)","Página 24","","errötend"
"Destaque (Amarelo)","Página 24","","rauer"
"Destaque (Amarelo)","Página 24","","kaum"
"Destaque (Amarelo)","Página 24","","Schweigen"
"Destaque (Amarelo)","Página 24","","Kinn"
"Destaque (Amarelo)","Página 24","","stützend,"
"Destaque (Amarelo)","Página 24","","rätselhafte"
"Destaque (Amarelo)","Página 24","","schlüssig"
"Destaque (Amarelo)","Página 24","","einschlagen"
"Destaque (Amarelo)","Página 24","","Ließe"
"Destaque (Amarelo)","Página 24","","wohl"
"Destaque (Amarelo)","Página 24","","besichtigen"
"Destaque (Amarelo)","Página 24","","zufällig"
"Destaque (Amarelo)","Página 24","","erwähnt,"
"Destaque (Amarelo)","Página 24","","Angelegenheit"
"Destaque (Amarelo)","Página 24","","Vermutlich"
"Destaque (Amarelo)","Página 24","","ungestört."
"Destaque (Amarelo)","Página 24","","gegenwärtig"
"Destaque (Amarelo)","Página 24","","einfältig"
"Destaque (Amarelo)","Página 24","","Weile"
"Destaque (Amarelo)","Página 24","","entfernen.«"
"Destaque (Amarelo)","Página 24","","Ausflug,"
"Destaque (Amarelo)","Página 24","","Geringste.«"
"Destaque (Amarelo)","Página 24","","einfinden."
"Destaque (Amarelo)","Página 24","","besorgen,"
"Destaque (Amarelo)","Página 25","","erledigen."
"Destaque (Amarelo)","Página 25","","bedrückt."
"Destaque (Amarelo)","Página 25","","hältst"
"Destaque (Amarelo)","Página 25","","sogar.«"
"Destaque (Amarelo)","Página 25","","tatsächlich"
"Destaque (Amarelo)","Página 25","","unzweifelhaft"
"Destaque (Amarelo)","Página 25","","eigentümliche"
"Destaque (Amarelo)","Página 25","","Äußerung"
"Destaque (Amarelo)","Página 26","","Anwesenheit"
"Destaque (Amarelo)","Página 26","","Tatsache,"
"Destaque (Amarelo)","Página 26","","offenbar"
"Destaque (Amarelo)","Página 26","","verhindern,"
"Destaque (Amarelo)","Página 26","","Verdachtsmomente."
"Destaque (Amarelo)","Página 26","","und der sehr wohl von der Wiederbefestigung der Vorlegestange an einem Fensterladen herrühren konnte,"
"Nota","Página 26","","Traduzir"
"Destaque (Amarelo)","Página 26","","Rätsels"
"Destaque (Amarelo)","Página 26","","allerdings"
"Destaque (Amarelo)","Página 26","","Auffassung"
"Destaque (Amarelo)","Página 26","","ließe"
"Destaque (Amarelo)","Página 26","","einwenden.«"
"Destaque (Amarelo)","Página 26","","zugeben;"
"Destaque (Amarelo)","Página 26","","Einwendungen"
"Destaque (Amarelo)","Página 26","","stichhaltig"
"Destaque (Amarelo)","Página 26","","beseitigen"
"Destaque (Amarelo)","Página 26","","nämlich"
"Destaque (Amarelo)","Página 26","","aufgeflogen,"
"Destaque (Amarelo)","Página 26","","gewaltige"
"Destaque (Amarelo)","Página 26","","Männergestalt"
"Destaque (Amarelo)","Página 26","","sonderbaren,"
"Destaque (Amarelo)","Página 26","","gelehrten,"
"Destaque (Amarelo)","Página 26","","Aufzug"
"Destaque (Amarelo)","Página 26","","Rahmen"
"Destaque (Amarelo)","Página 26","","aufgepflanzt."
"Destaque (Amarelo)","Página 26","","Eindringling"
"Destaque (Amarelo)","Página 26","","Schößen,"
"Destaque (Amarelo)","Página 26","","dazu"
"Destaque (Amarelo)","Página 26","","Stulpenstiefel,"
"Destaque (Amarelo)","Página 26","","Reitpeitsche."
"Destaque (Amarelo)","Página 27","","buchstäblich"
"Destaque (Amarelo)","Página 27","","Türbalken"
"Destaque (Amarelo)","Página 27","","anstieß,"
"Destaque (Amarelo)","Página 27","","umfangreich,"
"Destaque (Amarelo)","Página 27","","schien."
"Destaque (Amarelo)","Página 27","","breiten,"
"Destaque (Amarelo)","Página 27","","zahllosen"
"Destaque (Amarelo)","Página 27","","Runzeln"
"Destaque (Amarelo)","Página 27","","übersäten,"
"Destaque (Amarelo)","Página 27","","spiegelten"
"Destaque (Amarelo)","Página 27","","Leidenschaften."
"Destaque (Amarelo)","Página 27","","wandte"
"Destaque (Amarelo)","Página 27","","zu,"
"Destaque (Amarelo)","Página 27","","tiefliegenden,"
"Destaque (Amarelo)","Página 27","","weitvorstehende"
"Destaque (Amarelo)","Página 27","","schmale,"
"Destaque (Amarelo)","Página 27","","fleischlose"
"Destaque (Amarelo)","Página 27","","grimmigen"
"Destaque (Amarelo)","Página 27","","Raubvogels."
"Destaque (Amarelo)","Página 27","","unverschämtem"
"Destaque (Amarelo)","Página 27","","Vergnügen"
"Destaque (Amarelo)","Página 27","","verbindlich."
"Destaque (Amarelo)","Página 27","","dagewesen."
"Destaque (Amarelo)","Página 27","","nachgegangen."
"Destaque (Amarelo)","Página 27","","wütend."
"Destaque (Amarelo)","Página 27","","Krokusblüte"
"Destaque (Amarelo)","Página 27","","anlassen«,"
"Destaque (Amarelo)","Página 28","","unerschütterlich"
"Destaque (Amarelo)","Página 28","","Winkelzüge«,"
"Destaque (Amarelo)","Página 28","","Kerl,"
"Destaque (Amarelo)","Página 28","","vortrat"
"Destaque (Amarelo)","Página 28","","Schurke."
"Destaque (Amarelo)","Página 28","","Schnüffler!«"
"Destaque (Amarelo)","Página 28","","Lückenbüßer!«"
"Destaque (Amarelo)","Página 28","","Kriminalpolizeispitzel!«"
"Destaque (Amarelo)","Página 28","","zieht"
"Destaque (Amarelo)","Página 28","","entschieden.«"
"Destaque (Amarelo)","Página 28","","Quere"
"Destaque (Amarelo)","Página 28","","Schürhaken"
"Destaque (Amarelo)","Página 28","","bog"
"Destaque (Amarelo)","Página 28","","mächtigen"
"Destaque (Amarelo)","Página 28","","krumm."
"Destaque (Amarelo)","Página 28","","unter die Finger kommen!«"
"Destaque (Amarelo)","Página 28","","liebenswürdiger"
"Destaque (Amarelo)","Página 28","","Kumpan«,"
"Destaque (Amarelo)","Página 29","","vierschrötig"
"Destaque (Amarelo)","Página 29","","stählernen"
"Destaque (Amarelo)","Página 29","","Ruck"
"Destaque (Amarelo)","Página 29","","unverschämter"
"Destaque (Amarelo)","Página 29","","Zwischenfall"
"Destaque (Amarelo)","Página 29","","verleiht"
"Destaque (Amarelo)","Página 29","","Vorhaben"
"Destaque (Amarelo)","Página 29","","Reiz"
"Destaque (Amarelo)","Página 29","","bloß,"
"Destaque (Amarelo)","Página 29","","Schutzbefohlene"
"Destaque (Amarelo)","Página 29","","Unvorsichtigkeit"
"Destaque (Amarelo)","Página 29","","büßen"
"Destaque (Amarelo)","Página 29","","Gerichtsregistratur"
"Destaque (Amarelo)","Página 29","","verschaffen"
"Destaque (Amarelo)","Página 29","","bedeckt"
"Destaque (Amarelo)","Página 29","","erfassen,"
"Destaque (Amarelo)","Página 29","","Anlagepapiere"
"Destaque (Amarelo)","Página 29","","ausrechnen,"
"Destaque (Amarelo)","Página 29","","Gesamtbetrag,"
"Destaque (Amarelo)","Página 29","","beläuft"
"Destaque (Amarelo)","Página 29","","infolge"
"Destaque (Amarelo)","Página 29","","Rückgangs"
"Destaque (Amarelo)","Página 29","","Verehelichung"
"Destaque (Amarelo)","Página 29","","ansprechen."
"Destaque (Amarelo)","Página 29","","augenscheinlich,"
"Destaque (Amarelo)","Página 29","","Herrlichkeit"
"Destaque (Amarelo)","Página 29","","blutwenig"
"Destaque (Amarelo)","Página 29","","Abfindung"
"Destaque (Amarelo)","Página 29","","empfindliche"
"Destaque (Amarelo)","Página 29","","Einbuße"
"Destaque (Amarelo)","Página 30","","verursacht"
"Destaque (Amarelo)","Página 30","","angewendet;"
"Destaque (Amarelo)","Página 30","","Beweis"
"Destaque (Amarelo)","Página 30","","daran"
"Destaque (Amarelo)","Página 30","","gelegen"
"Destaque (Amarelo)","Página 30","","verhindern."
"Destaque (Amarelo)","Página 30","","zumal"
"Destaque (Amarelo)","Página 30","","Angelegenheiten"
"Destaque (Amarelo)","Página 30","","beschäftigen."
"Destaque (Amarelo)","Página 30","","stecke"
"Destaque (Amarelo)","Página 30","","ein."
"Destaque (Amarelo)","Página 30","","Herrschaften,"
"Destaque (Amarelo)","Página 30","","stählerne"
"Destaque (Amarelo)","Página 30","","Schürhaken"
"Destaque (Amarelo)","Página 30","","krumm"
"Destaque (Amarelo)","Página 30","","biegen,"
"Destaque (Amarelo)","Página 30","","Kamm"
"Destaque (Amarelo)","Página 30","","herrlicher"
"Destaque (Amarelo)","Página 30","","Hecken"
"Destaque (Amarelo)","Página 30","","erglänzten"
"Destaque (Amarelo)","Página 30","","Geruch"
"Destaque (Amarelo)","Página 30","","feuchten"
"Destaque (Amarelo)","Página 30","","Erdreichs"
"Destaque (Amarelo)","Página 30","","Lebhaft"
"Destaque (Amarelo)","Página 30","","empfand"
"Destaque (Amarelo)","Página 30","","eigentümlichen"
"Destaque (Amarelo)","Página 30","","Gegensatz"
"Destaque (Amarelo)","Página 30","","tief"
"Destaque (Amarelo)","Página 30","","gedrückt,"
"Destaque (Amarelo)","Página 30","","gesenktem"
"Destaque (Amarelo)","Página 30","","Haupt,"
"Destaque (Amarelo)","Página 30","","klopfte"
"Destaque (Amarelo)","Página 30","","deutete"
"Destaque (Amarelo)","Página 30","","dichter"
"Destaque (Amarelo)","Página 30","","zog"
"Destaque (Amarelo)","Página 30","","jenseits"
"Destaque (Amarelo)","Página 30","","hinauf,"
"Nota","Página 30","","Add"
"Destaque (Amarelo)","Página 30","","bekränzt"
"Destaque (Amarelo)","Página 31","","Dickicht"
"Destaque (Amarelo)","Página 31","","ragte"
"Destaque (Amarelo)","Página 31","","Dachfirst"
"Destaque (Amarelo)","Página 31","","erwiderte"
"Destaque (Amarelo)","Página 31","","Umbau"
"Destaque (Amarelo)","Página 31","","Dächer"
"Destaque (Amarelo)","Página 31","","sichtbar"
"Destaque (Amarelo)","Página 31","","einschlagen."
"Destaque (Amarelo)","Página 31","","Einfachste"
"Destaque (Amarelo)","Página 31","","Fahrgeld."
"Destaque (Amarelo)","Página 31","","zweckmäßig«,"
"Destaque (Amarelo)","Página 31","","geschäftlichen"
"Destaque (Amarelo)","Página 31","","Zweck"
"Destaque (Amarelo)","Página 31","","beugt"
"Destaque (Amarelo)","Página 31","","unnützem"
"Destaque (Amarelo)","Página 32","","Schutzbefohlene"
"Destaque (Amarelo)","Página 32","","sehnlich"
"Destaque (Amarelo)","Página 32","","geschickt"
"Destaque (Amarelo)","Página 32","","gefügt."
"Destaque (Amarelo)","Página 32","","unterdessen"
"Destaque (Amarelo)","Página 32","","Vergnügen"
"Destaque (Amarelo)","Página 32","","entgegnete"
"Destaque (Amarelo)","Página 32","","flüchtige"
"Destaque (Amarelo)","Página 32","","Schilderung"
"Destaque (Amarelo)","Página 32","","Kunde"
"Destaque (Amarelo)","Página 32","","fassungslos."
"Destaque (Amarelo)","Página 32","","schlau,"
"Destaque (Amarelo)","Página 32","","eigentlich"
"Destaque (Amarelo)","Página 32","","einschließen."
"Destaque (Amarelo)","Página 32","","gewalttätig,"
"Destaque (Amarelo)","Página 32","","Kräften"
"Destaque (Amarelo)","Página 32","","ausnützen,"
"Destaque (Amarelo)","Página 32","","besichtigen"
"Destaque (Amarelo)","Página 32","","moosbewachsenen"
"Destaque (Amarelo)","Página 32","","Quadersteinen"
"Destaque (Amarelo)","Página 32","","geschweifter"
"Destaque (Amarelo)","Página 32","","Flügel"
"Destaque (Amarelo)","Página 32","","auslief."
"Destaque (Amarelo)","Página 32","","zerbrochenen"
"Destaque (Amarelo)","Página 33","","Brettern"
"Destaque (Amarelo)","Página 33","","vernagelt,"
"Destaque (Amarelo)","Página 33","","teilweise"
"Destaque (Amarelo)","Página 33","","eingestürzt"
"Destaque (Amarelo)","Página 33","","Verfalls."
"Destaque (Amarelo)","Página 33","","verhältnismäßig"
"Destaque (Amarelo)","Página 33","","Vorhänge"
"Destaque (Amarelo)","Página 33","","Rauch,"
"Destaque (Amarelo)","Página 33","","Schornsteinen"
"Destaque (Amarelo)","Página 33","","kräuselte,"
"Destaque (Amarelo)","Página 33","","Außenwand"
"Destaque (Amarelo)","Página 33","","Gerüst"
"Destaque (Amarelo)","Página 33","","aufgeschlagen"
"Destaque (Amarelo)","Página 33","","durchgebrochen;"
"Destaque (Amarelo)","Página 33","","weit und breit"
"Destaque (Amarelo)","Página 33","","gepflegten"
"Destaque (Amarelo)","Página 33","","Rasen"
"Destaque (Amarelo)","Página 33","","auf und ab"
"Destaque (Amarelo)","Página 33","","Peinlichste"
"Destaque (Amarelo)","Página 33","","gegenwärtig"
"Destaque (Amarelo)","Página 33","","baulichen"
"Destaque (Amarelo)","Página 33","","vermutlich,"
"Destaque (Amarelo)","Página 33","","Ausbesserung"
"Destaque (Amarelo)","Página 33","","lediglich"
"Destaque (Amarelo)","Página 33","","Vorwand"
"Destaque (Amarelo)","Página 33","","vertreiben.«"
"Destaque (Amarelo)","Página 33","","münden?"
"Destaque (Amarelo)","Página 34","","sowieso"
"Destaque (Amarelo)","Página 34","","unzugänglich."
"Destaque (Amarelo)","Página 34","","Läden"
"Destaque (Amarelo)","Página 34","","vorgelegt"
"Destaque (Amarelo)","Página 34","","sorgfältig"
"Destaque (Amarelo)","Página 34","","Weise"
"Destaque (Amarelo)","Página 34","","Versuch,"
"Destaque (Amarelo)","Página 34","","aufzubrechen,"
"Destaque (Amarelo)","Página 34","","Nirgends"
"Destaque (Amarelo)","Página 34","","geringste"
"Destaque (Amarelo)","Página 34","","Spalt,"
"Destaque (Amarelo)","Página 34","","ansetzen"
"Destaque (Amarelo)","Página 34","","Stange"
"Destaque (Amarelo)","Página 34","","lockern."
"Destaque (Amarelo)","Página 34","","Angeln,"
"Destaque (Amarelo)","Página 34","","Eisen"
"Destaque (Amarelo)","Página 34","","Mauerwerk."
"Destaque (Amarelo)","Página 34","","Kinn,"
"Destaque (Amarelo)","Página 34","","Annahme"
"Destaque (Amarelo)","Página 34","","stößt"
"Destaque (Amarelo)","Página 34","","allerdings"
"Destaque (Amarelo)","Página 34","","Nun,"
"Destaque (Amarelo)","Página 34","","innere"
"Destaque (Amarelo)","Página 34","","Besichtigung"
"Destaque (Amarelo)","Página 34","","Seitentür"
"Destaque (Amarelo)","Página 34","","weißgetünchten"
"Destaque (Amarelo)","Página 34","","mündeten."
"Destaque (Amarelo)","Página 34","","begaben"
"Destaque (Amarelo)","Página 34","","sogleich"
"Destaque (Amarelo)","Página 34","","gemütlicher"
"Destaque (Amarelo)","Página 34","","niederer"
"Destaque (Amarelo)","Página 34","","Landsitzen"
"Destaque (Amarelo)","Página 34","","Ecke,"
"Destaque (Amarelo)","Página 34","","bezogenes"
"Destaque (Amarelo)","Página 35","","Einrichtung."
"Destaque (Amarelo)","Página 35","","eichene"
"Destaque (Amarelo)","Página 35","","wurmstichig,"
"Destaque (Amarelo)","Página 35","","stammen,"
"Destaque (Amarelo)","Página 35","","schob"
"Destaque (Amarelo)","Página 35","","ringsumher"
"Destaque (Amarelo)","Página 35","","stumm"
"Destaque (Amarelo)","Página 35","","Genauigkeit."
"Destaque (Amarelo)","Página 35","","Klingel?«"
"Destaque (Amarelo)","Página 35","","dicken"
"Destaque (Amarelo)","Página 35","","Klingelzug,"
"Destaque (Amarelo)","Página 35","","herabhing,"
"Destaque (Amarelo)","Página 35","","Quaste"
"Destaque (Amarelo)","Página 35","","Kissen"
"Destaque (Amarelo)","Página 35","","ruhte."
"Destaque (Amarelo)","Página 35","","übrige"
"Destaque (Amarelo)","Página 35","","angebracht.«"
"Destaque (Amarelo)","Página 35","","»Vermutlich"
"Destaque (Amarelo)","Página 35","","Verlangen"
"Destaque (Amarelo)","Página 35","","soviel ich weiß,"
"Destaque (Amarelo)","Página 35","","gewohnt,"
"Destaque (Amarelo)","Página 35","","wahrhaftig"
"Destaque (Amarelo)","Página 35","","überflüssig,"
"Destaque (Amarelo)","Página 35","","anzubringen."
"Destaque (Amarelo)","Página 35","","umsehe.«"
"Destaque (Amarelo)","Página 35","","Spalte"
"Destaque (Amarelo)","Página 35","","Dielen"
"Destaque (Amarelo)","Página 35","","Genaueste"
"Destaque (Amarelo)","Página 35","","Hierauf"
"Destaque (Amarelo)","Página 36","","ebenso"
"Destaque (Amarelo)","Página 36","","sorgfältig."
"Destaque (Amarelo)","Página 36","","trat"
"Destaque (Amarelo)","Página 36","","betrachtete"
"Destaque (Amarelo)","Página 36","","abgleiten"
"Destaque (Amarelo)","Página 36","","fasste"
"Destaque (Amarelo)","Página 36","","Glockenzug"
"Destaque (Amarelo)","Página 36","","tat"
"Destaque (Amarelo)","Página 36","","tüchtigen"
"Destaque (Amarelo)","Página 36","","Scheinklingel!«"
"Destaque (Amarelo)","Página 36","","»Läutet"
"Destaque (Amarelo)","Página 36","","Draht"
"Destaque (Amarelo)","Página 36","","befestigt."
"Destaque (Amarelo)","Página 36","","Luftloch"
"Destaque (Amarelo)","Página 36","","Haken"
"Destaque (Amarelo)","Página 36","","festgemacht.«"
"Destaque (Amarelo)","Página 36","","»Wie seltsam!"
"Destaque (Amarelo)","Página 36","","aufgefallen.«"
"Destaque (Amarelo)","Página 36","","wunderlich!«"
"Destaque (Amarelo)","Página 36","","vollkommener"
"Destaque (Amarelo)","Página 36","","Narr"
"Destaque (Amarelo)","Página 36","","Freie"
"Destaque (Amarelo)","Página 36","","stammt"
"Destaque (Amarelo)","Página 36","","ebenfalls"
"Destaque (Amarelo)","Página 36","","zugleich"
"Destaque (Amarelo)","Página 36","","Glockenzug"
"Destaque (Amarelo)","Página 36","","Änderungen"
"Destaque (Amarelo)","Página 36","","vorgenommen.«"
"Destaque (Amarelo)","Página 37","","Art"
"Destaque (Amarelo)","Página 37","","Scheinklingeln"
"Destaque (Amarelo)","Página 37","","zuführen."
"Destaque (Amarelo)","Página 37","","ebenso"
"Destaque (Amarelo)","Página 37","","eingerichtet."
"Destaque (Amarelo)","Página 37","","Feldbett,"
"Destaque (Amarelo)","Página 37","","Gestell"
"Destaque (Amarelo)","Página 37","","eiserner"
"Destaque (Amarelo)","Página 37","","Geldschrank"
"Destaque (Amarelo)","Página 37","","schärfsten"
"Destaque (Amarelo)","Página 37","","klopfend."
"Destaque (Amarelo)","Página 37","","sonderbaren"
"Destaque (Amarelo)","Página 37","","Einfall?«"
"Destaque (Amarelo)","Página 38","","eben"
"Destaque (Amarelo)","Página 38","","Bedürfnisse"
"Destaque (Amarelo)","Página 38","","ergründen.«"
"Destaque (Amarelo)","Página 38","","kniete"
"Destaque (Amarelo)","Página 38","","hin"
"Destaque (Amarelo)","Página 38","","festgestellt«,"
"Destaque (Amarelo)","Página 38","","Hundepeitsche,"
"Destaque (Amarelo)","Página 38","","hing"
"Destaque (Amarelo)","Página 38","","Schnur"
"Destaque (Amarelo)","Página 38","","zusammengeknüpft"
"Destaque (Amarelo)","Página 38","","Schleife"
"Destaque (Amarelo)","Página 38","","gewöhnliche"
"Destaque (Amarelo)","Página 38","","dienen"
"Destaque (Amarelo)","Página 38","","Allerschlimmsten"
"Destaque (Amarelo)","Página 38","","fähiger"
"Destaque (Amarelo)","Página 38","","Gaben"
"Destaque (Amarelo)","Página 38","","verbrecherischen"
"Destaque (Amarelo)","Página 38","","Rasenplatz"
"Destaque (Amarelo)","Página 39","","grimmiger"
"Destaque (Amarelo)","Página 39","","Miene"
"Destaque (Amarelo)","Página 39","","finster"
"Destaque (Amarelo)","Página 39","","zusammengezogenen"
"Destaque (Amarelo)","Página 39","","Brauen"
"Destaque (Amarelo)","Página 39","","Schauplatz"
"Destaque (Amarelo)","Página 39","","verließen."
"Destaque (Amarelo)","Página 39","","aber weder ich noch Miss Stoner mochten ihn durch eine Frage in seinen Gedanken stören, bis er selbst sich dem tiefen Nachsinnen entriss."
"Destaque (Amarelo)","Página 39","","Hinsicht"
"Destaque (Amarelo)","Página 39","","leisten.«"
"Destaque (Amarelo)","Página 39","","gestatten."
"Destaque (Amarelo)","Página 39","","hängt"
"Destaque (Amarelo)","Página 39","","unbedingten"
"Destaque (Amarelo)","Página 39","","Gehorsam"
"Destaque (Amarelo)","Página 39","","ab.«"
"Destaque (Amarelo)","Página 39","","verbringen.«"
"Destaque (Amarelo)","Página 39","","verwundert"
"Destaque (Amarelo)","Página 39","","»Jawohl,"
"Destaque (Amarelo)","Página 39","","Nähere"
"Destaque (Amarelo)","Página 39","","drüben"
"Destaque (Amarelo)","Página 39","","Dorfwirtshaus?«"
"Destaque (Amarelo)","Página 39","","Sieht"
"Destaque (Amarelo)","Página 40","","aus?«"
"Destaque (Amarelo)","Página 40","","vorschützen"
"Destaque (Amarelo)","Página 40","","Riegel"
"Destaque (Amarelo)","Página 40","","Windlicht"
"Destaque (Amarelo)","Página 40","","Zeichen"
"Destaque (Amarelo)","Página 40","","Stille"
"Destaque (Amarelo)","Página 40","","trotz"
"Destaque (Amarelo)","Página 40","","Bauarbeiten"
"Destaque (Amarelo)","Página 40","","einrichten.«"
"Destaque (Amarelo)","Página 40","","überlassen"
"Destaque (Amarelo)","Página 40","","haben"
"Destaque (Amarelo)","Página 40","","vor?«"
"Destaque (Amarelo)","Página 40","","Spur"
"Destaque (Amarelo)","Página 40","","Verdacht,"
"Destaque (Amarelo)","Página 40","","schuld"
"Destaque (Amarelo)","Página 41","","Beweise"
"Destaque (Amarelo)","Página 41","","wenigstens"
"Destaque (Amarelo)","Página 41","","erfahren,"
"Destaque (Amarelo)","Página 41","","Ansicht"
"Destaque (Amarelo)","Página 41","","zutrifft,"
"Destaque (Amarelo)","Página 41","","Überzeugung"
"Destaque (Amarelo)","Página 41","","lag"
"Destaque (Amarelo)","Página 41","","greifbare"
"Destaque (Amarelo)","Página 41","","Ursache"
"Destaque (Amarelo)","Página 41","","vor."
"Destaque (Amarelo)","Página 41","","denn wenn Dr. Roylott zurückkäme und uns sähe, wäre unser ganzer Besuch umsonst gewesen."
"Destaque (Amarelo)","Página 41","","tapfer;"
"Destaque (Amarelo)","Página 41","","Gefahren"
"Destaque (Amarelo)","Página 41","","geräumt"
"Destaque (Amarelo)","Página 41","","Drüben"
"Destaque (Amarelo)","Página 41","","verschafften"
"Destaque (Amarelo)","Página 41","","hinüberschauten."
"Destaque (Amarelo)","Página 41","","empor"
"Destaque (Amarelo)","Página 41","","schmächtigen"
"Destaque (Amarelo)","Página 41","","Burschen,"
"Destaque (Amarelo)","Página 41","","lenkte."
"Destaque (Amarelo)","Página 41","","Gittertor"
"Destaque (Amarelo)","Página 41","","aufbrachte,"
"Destaque (Amarelo)","Página 41","","wütend"
"Destaque (Amarelo)","Página 41","","einschreien,"
"Destaque (Amarelo)","Página 41","","geballten"
"Destaque (Amarelo)","Página 41","","Laubwerk"
"Destaque (Amarelo)","Página 41","","zunehmenden"
"Destaque (Amarelo)","Página 41","","beisammen"
"Destaque (Amarelo)","Página 41","","saßen,"
"Destaque (Amarelo)","Página 42","","Nutzen"
"Destaque (Amarelo)","Página 42","","Gegenwart"
"Destaque (Amarelo)","Página 42","","unbezahlbarem"
"Destaque (Amarelo)","Página 42","","selbstverständlich"
"Destaque (Amarelo)","Página 42","","Schlüsse"
"Destaque (Amarelo)","Página 42","","abgeleitet."
"Destaque (Amarelo)","Página 42","","Zweck"
"Destaque (Amarelo)","Página 42","","gestehe"
"Destaque (Amarelo)","Página 42","","ehrlich.«"
"Destaque (Amarelo)","Página 42","","Öffnung,"
"Destaque (Amarelo)","Página 42","","Ungewöhnliches."
"Destaque (Amarelo)","Página 42","","Ratte"
"Destaque (Amarelo)","Página 42","","durchschlüpfen"
"Destaque (Amarelo)","Página 42","","ehe"
"Destaque (Amarelo)","Página 42","","solches"
"Destaque (Amarelo)","Página 43","","gewiss,"
"Destaque (Amarelo)","Página 43","","berichtete,"
"Destaque (Amarelo)","Página 43","","gerichtlichen"
"Destaque (Amarelo)","Página 43","","merkwürdiges"
"Destaque (Amarelo)","Página 43","","Zusammentreffen,"
"Destaque (Amarelo)","Página 43","","befestigt"
"Destaque (Amarelo)","Página 43","","Kommt"
"Destaque (Amarelo)","Página 43","","auffallend"
"Destaque (Amarelo)","Página 43","","vor?«"
"Destaque (Amarelo)","Página 43","","vermag"
"Destaque (Amarelo)","Página 43","","angenagelt."
"Destaque (Amarelo)","Página 43","","allerdings"
"Destaque (Amarelo)","Página 43","","sonst"
"Destaque (Amarelo)","Página 43","","rücken."
"Destaque (Amarelo)","Página 44","","Seil"
"Destaque (Amarelo)","Página 44","","offenbar"
"Destaque (Amarelo)","Página 44","","abgesehen"
"Destaque (Amarelo)","Página 44","","dämmert"
"Destaque (Amarelo)","Página 44","","allmählich"
"Destaque (Amarelo)","Página 44","","raffiniert"
"Destaque (Amarelo)","Página 44","","ausgedachtes"
"Destaque (Amarelo)","Página 44","","Verbrechen"
"Destaque (Amarelo)","Página 44","","verhindern.«"
"Destaque (Amarelo)","Página 44","","Vorteile;"
"Destaque (Amarelo)","Página 44","","besitzt"
"Destaque (Amarelo)","Página 44","","nötigen"
"Destaque (Amarelo)","Página 44","","zwar"
"Destaque (Amarelo)","Página 44","","berüchtigte"
"Destaque (Amarelo)","Página 44","","Schatten,"
"Destaque (Amarelo)","Página 44","","wagen,"
"Destaque (Amarelo)","Página 44","","Aufregung,"
"Destaque (Amarelo)","Página 44","","Gemütlichkeit"
"Destaque (Amarelo)","Página 44","","Heiteres"
"Destaque (Amarelo)","Página 44","","dahingeschlichen,"
"Destaque (Amarelo)","Página 45","","blies"
"Destaque (Amarelo)","Página 45","","bereits"
"Destaque (Amarelo)","Página 45","","Leitstern"
"Destaque (Amarelo)","Página 45","","unheimlichen"
"Destaque (Amarelo)","Página 45","","Gliederverrenkungen"
"Destaque (Amarelo)","Página 50","","den die Gestalt der Schlange im Scheine des Streichholzes auf sie gemacht hatte,"
"Destaque (Amarelo)","Página 52","","Richtigkeit"
"Destaque (Amarelo)","Página 52","","Auffassung"
"Destaque (Amarelo)","Página 52","","zischen"
"Destaque (Amarelo)","Página 52","","gleichfalls"
"Destaque (Amarelo)","Página 52","","augenblicklich"
"Destaque (Amarelo)","Página 52","","Folge"
"Destaque (Amarelo)","Página 52","","schleunigst"
"Destaque (Amarelo)","Página 52","","davon"
"Destaque (Amarelo)","Página 52","","stürzte."
"Destaque (Amarelo)","Página 52","","Gerte"
"Destaque (Amarelo)","Página 52","","Bösartigkeit,"
"Destaque (Amarelo)","Página 53","","Nächstbesten"
"Destaque (Amarelo)","Página 53","","Beziehung"
"Destaque (Amarelo)","Página 53","","zweifellos"
"Destaque (Amarelo)","Página 53","","mittelbar"
"Destaque (Amarelo)","Página 53","","kaum,"
"Destaque (Amarelo)","Página 53","","Gewissen"
"Destaque (Amarelo)","Página 53","","sonderlich"
"Destaque (Amarelo)","Página 53","","bedrücken"
"Destaque (Amarelo)","Página 53","","einsame"
"Destaque (Amarelo)","Página 53","","Leser"
"Destaque (Amarelo)","Página 53","","mitten"
"Destaque (Amarelo)","Página 53","","wahrhaftig"
"Destaque (Amarelo)","Página 53","","getragen.«"
"Destaque (Amarelo)","Página 53","","Blatt"
"Destaque (Amarelo)","Página 53","","sinken"
"Destaque (Amarelo)","Página 53","","Ferne."
"Destaque (Amarelo)","Página 53","","verwahrloste"
"Destaque (Amarelo)","Página 53","","Gemäuer"
"Destaque (Amarelo)","Página 53","","Weile"
"Destaque (Amarelo)","Página 53","","Einzelheiten"
"Destaque (Amarelo)","Página 53","","Schreckensnacht."
"Destaque (Amarelo)","Página 53","","Gewissheit,"
"Destaque (Amarelo)","Página 53","","Miene"
"Destaque (Amarelo)","Página 53","","Ausgabe"
"Destaque (Amarelo)","Página 53","","merkwürdige"
